uuid,event_id,category,type,value,comment,to_ids,date,object_relation,attribute_tag,object_uuid,object_name,object_meta_category,event_info,event_member_org,event_source_org,event_distribution,event_threat_level_id,event_analysis,event_date,event_tag,event_timestamp
"5ea0bf72-a404-46cb-9e31-f094950d210f",1174,"Network activity","ip-dst","8.208.90.28","",1,1587593345,"","kill-chain:Command and Control,Ursnif","","","","Ursnif Campaign f1.pipen.at","ORGNAME","The DFIR Report",3,"Low",0,"2020-04-22","misp-galaxy:malpedia=""Gozi"",Cobalt Strike,Ursnif,tlp:white,misp-galaxy:mitre-attack-pattern=""Spearphishing Link - T1192"",misp-galaxy:mitre-attack-pattern=""User Execution - T1204"",misp-galaxy:mitre-attack-pattern=""Compile After Delivery - T1500"",misp-galaxy:mitre-attack-pattern=""Mshta - T1170"",misp-galaxy:mitre-attack-pattern=""Modify Registry - T1112"",misp-galaxy:mitre-attack-pattern=""Regsvr32 - T1117"",misp-galaxy:mitre-attack-pattern=""Commonly Used Port - T1043"",misp-galaxy:mitre-attack-pattern=""Standard Application Layer Protocol - T1071""",1592743551
"5ea0bf8a-3d60-4926-8e26-48d2950d210f",1174,"Network activity","ip-dst","47.241.106.208","",1,1587593345,"","kill-chain:Command and Control,Ursnif","","","","Ursnif Campaign f1.pipen.at","ORGNAME","The DFIR Report",3,"Low",0,"2020-04-22","misp-galaxy:malpedia=""Gozi"",Cobalt Strike,Ursnif,tlp:white,misp-galaxy:mitre-attack-pattern=""Spearphishing Link - T1192"",misp-galaxy:mitre-attack-pattern=""User Execution - T1204"",misp-galaxy:mitre-attack-pattern=""Compile After Delivery - T1500"",misp-galaxy:mitre-attack-pattern=""Mshta - T1170"",misp-galaxy:mitre-attack-pattern=""Modify Registry - T1112"",misp-galaxy:mitre-attack-pattern=""Regsvr32 - T1117"",misp-galaxy:mitre-attack-pattern=""Commonly Used Port - T1043"",misp-galaxy:mitre-attack-pattern=""Standard Application Layer Protocol - T1071""",1592743551
"5ea0c030-71cc-4f22-8581-41d6950d210f",1174,"Network activity","domain","dianer.at","",1,1587593345,"","Ursnif,kill-chain:Command and Control","","","","Ursnif Campaign f1.pipen.at","ORGNAME","The DFIR Report",3,"Low",0,"2020-04-22","misp-galaxy:malpedia=""Gozi"",Cobalt Strike,Ursnif,tlp:white,misp-galaxy:mitre-attack-pattern=""Spearphishing Link - T1192"",misp-galaxy:mitre-attack-pattern=""User Execution - T1204"",misp-galaxy:mitre-attack-pattern=""Compile After Delivery - T1500"",misp-galaxy:mitre-attack-pattern=""Mshta - T1170"",misp-galaxy:mitre-attack-pattern=""Modify Registry - T1112"",misp-galaxy:mitre-attack-pattern=""Regsvr32 - T1117"",misp-galaxy:mitre-attack-pattern=""Commonly Used Port - T1043"",misp-galaxy:mitre-attack-pattern=""Standard Application Layer Protocol - T1071""",1592743551
"5ea0c031-7ac4-4bc9-831d-4e7b950d210f",1174,"Network activity","domain","api10.dianer.at","",1,1587593337,"","Ursnif,kill-chain:Command and Control","","","","Ursnif Campaign f1.pipen.at","ORGNAME","The DFIR Report",3,"Low",0,"2020-04-22","misp-galaxy:malpedia=""Gozi"",Cobalt Strike,Ursnif,tlp:white,misp-galaxy:mitre-attack-pattern=""Spearphishing Link - T1192"",misp-galaxy:mitre-attack-pattern=""User Execution - T1204"",misp-galaxy:mitre-attack-pattern=""Compile After Delivery - T1500"",misp-galaxy:mitre-attack-pattern=""Mshta - T1170"",misp-galaxy:mitre-attack-pattern=""Modify Registry - T1112"",misp-galaxy:mitre-attack-pattern=""Regsvr32 - T1117"",misp-galaxy:mitre-attack-pattern=""Commonly Used Port - T1043"",misp-galaxy:mitre-attack-pattern=""Standard Application Layer Protocol - T1071""",1592743551
"5ea0c031-6c9c-46f4-aaad-469f950d210f",1174,"Network activity","domain","mobify.at","",1,1587593337,"","Ursnif,kill-chain:Command and Control","","","","Ursnif Campaign f1.pipen.at","ORGNAME","The DFIR Report",3,"Low",0,"2020-04-22","misp-galaxy:malpedia=""Gozi"",Cobalt Strike,Ursnif,tlp:white,misp-galaxy:mitre-attack-pattern=""Spearphishing Link - T1192"",misp-galaxy:mitre-attack-pattern=""User Execution - T1204"",misp-galaxy:mitre-attack-pattern=""Compile After Delivery - T1500"",misp-galaxy:mitre-attack-pattern=""Mshta - T1170"",misp-galaxy:mitre-attack-pattern=""Modify Registry - T1112"",misp-galaxy:mitre-attack-pattern=""Regsvr32 - T1117"",misp-galaxy:mitre-attack-pattern=""Commonly Used Port - T1043"",misp-galaxy:mitre-attack-pattern=""Standard Application Layer Protocol - T1071""",1592743551
"5ea0c031-46c4-4615-a1d0-4bcf950d210f",1174,"Network activity","domain","pipen.at","",1,1587593344,"","Ursnif,kill-chain:Command and Control","","","","Ursnif Campaign f1.pipen.at","ORGNAME","The DFIR Report",3,"Low",0,"2020-04-22","misp-galaxy:malpedia=""Gozi"",Cobalt Strike,Ursnif,tlp:white,misp-galaxy:mitre-attack-pattern=""Spearphishing Link - T1192"",misp-galaxy:mitre-attack-pattern=""User Execution - T1204"",misp-galaxy:mitre-attack-pattern=""Compile After Delivery - T1500"",misp-galaxy:mitre-attack-pattern=""Mshta - T1170"",misp-galaxy:mitre-attack-pattern=""Modify Registry - T1112"",misp-galaxy:mitre-attack-pattern=""Regsvr32 - T1117"",misp-galaxy:mitre-attack-pattern=""Commonly Used Port - T1043"",misp-galaxy:mitre-attack-pattern=""Standard Application Layer Protocol - T1071""",1592743551
"5ea0c031-8064-4f69-9943-450d950d210f",1174,"Network activity","domain","f1.pipen.at","",1,1587593338,"","Ursnif,kill-chain:Command and Control","","","","Ursnif Campaign f1.pipen.at","ORGNAME","The DFIR Report",3,"Low",0,"2020-04-22","misp-galaxy:malpedia=""Gozi"",Cobalt Strike,Ursnif,tlp:white,misp-galaxy:mitre-attack-pattern=""Spearphishing Link - T1192"",misp-galaxy:mitre-attack-pattern=""User Execution - T1204"",misp-galaxy:mitre-attack-pattern=""Compile After Delivery - T1500"",misp-galaxy:mitre-attack-pattern=""Mshta - T1170"",misp-galaxy:mitre-attack-pattern=""Modify Registry - T1112"",misp-galaxy:mitre-attack-pattern=""Regsvr32 - T1117"",misp-galaxy:mitre-attack-pattern=""Commonly Used Port - T1043"",misp-galaxy:mitre-attack-pattern=""Standard Application Layer Protocol - T1071""",1592743551
"5ea0c031-33a0-4356-b3da-4ea2950d210f",1174,"Network activity","domain","been.dianer.at","",1,1587593344,"","Ursnif,kill-chain:Command and Control","","","","Ursnif Campaign f1.pipen.at","ORGNAME","The DFIR Report",3,"Low",0,"2020-04-22","misp-galaxy:malpedia=""Gozi"",Cobalt Strike,Ursnif,tlp:white,misp-galaxy:mitre-attack-pattern=""Spearphishing Link - T1192"",misp-galaxy:mitre-attack-pattern=""User Execution - T1204"",misp-galaxy:mitre-attack-pattern=""Compile After Delivery - T1500"",misp-galaxy:mitre-attack-pattern=""Mshta - T1170"",misp-galaxy:mitre-attack-pattern=""Modify Registry - T1112"",misp-galaxy:mitre-attack-pattern=""Regsvr32 - T1117"",misp-galaxy:mitre-attack-pattern=""Commonly Used Port - T1043"",misp-galaxy:mitre-attack-pattern=""Standard Application Layer Protocol - T1071""",1592743551
"5ea0c031-acc0-43a9-b3e3-4982950d210f",1174,"Network activity","domain","deem.dianer.at","",1,1587593344,"","Ursnif,kill-chain:Command and Control","","","","Ursnif Campaign f1.pipen.at","ORGNAME","The DFIR Report",3,"Low",0,"2020-04-22","misp-galaxy:malpedia=""Gozi"",Cobalt Strike,Ursnif,tlp:white,misp-galaxy:mitre-attack-pattern=""Spearphishing Link - T1192"",misp-galaxy:mitre-attack-pattern=""User Execution - T1204"",misp-galaxy:mitre-attack-pattern=""Compile After Delivery - T1500"",misp-galaxy:mitre-attack-pattern=""Mshta - T1170"",misp-galaxy:mitre-attack-pattern=""Modify Registry - T1112"",misp-galaxy:mitre-attack-pattern=""Regsvr32 - T1117"",misp-galaxy:mitre-attack-pattern=""Commonly Used Port - T1043"",misp-galaxy:mitre-attack-pattern=""Standard Application Layer Protocol - T1071""",1592743551
"5ea0c031-76f4-45d2-91eb-4e95950d210f",1174,"Network activity","domain","vv.malorun.at","",1,1587593337,"","Ursnif,kill-chain:Command and Control","","","","Ursnif Campaign f1.pipen.at","ORGNAME","The DFIR Report",3,"Low",0,"2020-04-22","misp-galaxy:malpedia=""Gozi"",Cobalt Strike,Ursnif,tlp:white,misp-galaxy:mitre-attack-pattern=""Spearphishing Link - T1192"",misp-galaxy:mitre-attack-pattern=""User Execution - T1204"",misp-galaxy:mitre-attack-pattern=""Compile After Delivery - T1500"",misp-galaxy:mitre-attack-pattern=""Mshta - T1170"",misp-galaxy:mitre-attack-pattern=""Modify Registry - T1112"",misp-galaxy:mitre-attack-pattern=""Regsvr32 - T1117"",misp-galaxy:mitre-attack-pattern=""Commonly Used Port - T1043"",misp-galaxy:mitre-attack-pattern=""Standard Application Layer Protocol - T1071""",1592743551
"5ea0c031-2f00-48a6-9ec5-4a66950d210f",1174,"Network activity","domain","www.kamalak.at","",1,1587593337,"","Ursnif,kill-chain:Command and Control","","","","Ursnif Campaign f1.pipen.at","ORGNAME","The DFIR Report",3,"Low",0,"2020-04-22","misp-galaxy:malpedia=""Gozi"",Cobalt Strike,Ursnif,tlp:white,misp-galaxy:mitre-attack-pattern=""Spearphishing Link - T1192"",misp-galaxy:mitre-attack-pattern=""User Execution - T1204"",misp-galaxy:mitre-attack-pattern=""Compile After Delivery - T1500"",misp-galaxy:mitre-attack-pattern=""Mshta - T1170"",misp-galaxy:mitre-attack-pattern=""Modify Registry - T1112"",misp-galaxy:mitre-attack-pattern=""Regsvr32 - T1117"",misp-galaxy:mitre-attack-pattern=""Commonly Used Port - T1043"",misp-galaxy:mitre-attack-pattern=""Standard Application Layer Protocol - T1071""",1592743551
"5ea0c031-85f8-4bf2-93c6-4d36950d210f",1174,"Network activity","domain","free.up100n.at","",1,1587593336,"","Ursnif,kill-chain:Command and Control","","","","Ursnif Campaign f1.pipen.at","ORGNAME","The DFIR Report",3,"Low",0,"2020-04-22","misp-galaxy:malpedia=""Gozi"",Cobalt Strike,Ursnif,tlp:white,misp-galaxy:mitre-attack-pattern=""Spearphishing Link - T1192"",misp-galaxy:mitre-attack-pattern=""User Execution - T1204"",misp-galaxy:mitre-attack-pattern=""Compile After Delivery - T1500"",misp-galaxy:mitre-attack-pattern=""Mshta - T1170"",misp-galaxy:mitre-attack-pattern=""Modify Registry - T1112"",misp-galaxy:mitre-attack-pattern=""Regsvr32 - T1117"",misp-galaxy:mitre-attack-pattern=""Commonly Used Port - T1043"",misp-galaxy:mitre-attack-pattern=""Standard Application Layer Protocol - T1071""",1592743551
"5ea0c031-71c4-4233-ac67-4d76950d210f",1174,"Network activity","domain","ahah100.at","",1,1587593335,"","Ursnif,kill-chain:Command and Control","","","","Ursnif Campaign f1.pipen.at","ORGNAME","The DFIR Report",3,"Low",0,"2020-04-22","misp-galaxy:malpedia=""Gozi"",Cobalt Strike,Ursnif,tlp:white,misp-galaxy:mitre-attack-pattern=""Spearphishing Link - T1192"",misp-galaxy:mitre-attack-pattern=""User Execution - T1204"",misp-galaxy:mitre-attack-pattern=""Compile After Delivery - T1500"",misp-galaxy:mitre-attack-pattern=""Mshta - T1170"",misp-galaxy:mitre-attack-pattern=""Modify Registry - T1112"",misp-galaxy:mitre-attack-pattern=""Regsvr32 - T1117"",misp-galaxy:mitre-attack-pattern=""Commonly Used Port - T1043"",misp-galaxy:mitre-attack-pattern=""Standard Application Layer Protocol - T1071""",1592743551
"5ea0c031-a808-4e2b-8f73-496b950d210f",1174,"Network activity","domain","two.ahah100.at","",1,1587593327,"","Ursnif,kill-chain:Command and Control","","","","Ursnif Campaign f1.pipen.at","ORGNAME","The DFIR Report",3,"Low",0,"2020-04-22","misp-galaxy:malpedia=""Gozi"",Cobalt Strike,Ursnif,tlp:white,misp-galaxy:mitre-attack-pattern=""Spearphishing Link - T1192"",misp-galaxy:mitre-attack-pattern=""User Execution - T1204"",misp-galaxy:mitre-attack-pattern=""Compile After Delivery - T1500"",misp-galaxy:mitre-attack-pattern=""Mshta - T1170"",misp-galaxy:mitre-attack-pattern=""Modify Registry - T1112"",misp-galaxy:mitre-attack-pattern=""Regsvr32 - T1117"",misp-galaxy:mitre-attack-pattern=""Commonly Used Port - T1043"",misp-galaxy:mitre-attack-pattern=""Standard Application Layer Protocol - T1071""",1592743551
"5ea0c031-c06c-4a9d-a243-41ce950d210f",1174,"Network activity","domain","ahonpot.at","",1,1587593336,"","Ursnif,kill-chain:Command and Control","","","","Ursnif Campaign f1.pipen.at","ORGNAME","The DFIR Report",3,"Low",0,"2020-04-22","misp-galaxy:malpedia=""Gozi"",Cobalt Strike,Ursnif,tlp:white,misp-galaxy:mitre-attack-pattern=""Spearphishing Link - T1192"",misp-galaxy:mitre-attack-pattern=""User Execution - T1204"",misp-galaxy:mitre-attack-pattern=""Compile After Delivery - T1500"",misp-galaxy:mitre-attack-pattern=""Mshta - T1170"",misp-galaxy:mitre-attack-pattern=""Modify Registry - T1112"",misp-galaxy:mitre-attack-pattern=""Regsvr32 - T1117"",misp-galaxy:mitre-attack-pattern=""Commonly Used Port - T1043"",misp-galaxy:mitre-attack-pattern=""Standard Application Layer Protocol - T1071""",1592743551
"5ea0c031-eab4-40ce-a731-4c3b950d210f",1174,"Network activity","domain","targoo.at","",1,1587593336,"","Ursnif,kill-chain:Command and Control","","","","Ursnif Campaign f1.pipen.at","ORGNAME","The DFIR Report",3,"Low",0,"2020-04-22","misp-galaxy:malpedia=""Gozi"",Cobalt Strike,Ursnif,tlp:white,misp-galaxy:mitre-attack-pattern=""Spearphishing Link - T1192"",misp-galaxy:mitre-attack-pattern=""User Execution - T1204"",misp-galaxy:mitre-attack-pattern=""Compile After Delivery - T1500"",misp-galaxy:mitre-attack-pattern=""Mshta - T1170"",misp-galaxy:mitre-attack-pattern=""Modify Registry - T1112"",misp-galaxy:mitre-attack-pattern=""Regsvr32 - T1117"",misp-galaxy:mitre-attack-pattern=""Commonly Used Port - T1043"",misp-galaxy:mitre-attack-pattern=""Standard Application Layer Protocol - T1071""",1592743551
"5ea0c031-bd40-4f0d-9e71-481f950d210f",1174,"Network activity","domain","kamalak.at","",1,1587593337,"","Ursnif,kill-chain:Command and Control","","","","Ursnif Campaign f1.pipen.at","ORGNAME","The DFIR Report",3,"Low",0,"2020-04-22","misp-galaxy:malpedia=""Gozi"",Cobalt Strike,Ursnif,tlp:white,misp-galaxy:mitre-attack-pattern=""Spearphishing Link - T1192"",misp-galaxy:mitre-attack-pattern=""User Execution - T1204"",misp-galaxy:mitre-attack-pattern=""Compile After Delivery - T1500"",misp-galaxy:mitre-attack-pattern=""Mshta - T1170"",misp-galaxy:mitre-attack-pattern=""Modify Registry - T1112"",misp-galaxy:mitre-attack-pattern=""Regsvr32 - T1117"",misp-galaxy:mitre-attack-pattern=""Commonly Used Port - T1043"",misp-galaxy:mitre-attack-pattern=""Standard Application Layer Protocol - T1071""",1592743551
"5ea0c031-c414-4113-bf4e-4570950d210f",1174,"Network activity","domain","api5.malorun.at","",1,1587593337,"","Ursnif,kill-chain:Command and Control","","","","Ursnif Campaign f1.pipen.at","ORGNAME","The DFIR Report",3,"Low",0,"2020-04-22","misp-galaxy:malpedia=""Gozi"",Cobalt Strike,Ursnif,tlp:white,misp-galaxy:mitre-attack-pattern=""Spearphishing Link - T1192"",misp-galaxy:mitre-attack-pattern=""User Execution - T1204"",misp-galaxy:mitre-attack-pattern=""Compile After Delivery - T1500"",misp-galaxy:mitre-attack-pattern=""Mshta - T1170"",misp-galaxy:mitre-attack-pattern=""Modify Registry - T1112"",misp-galaxy:mitre-attack-pattern=""Regsvr32 - T1117"",misp-galaxy:mitre-attack-pattern=""Commonly Used Port - T1043"",misp-galaxy:mitre-attack-pattern=""Standard Application Layer Protocol - T1071""",1592743551
"5ea0c031-e518-4d7d-82de-44db950d210f",1174,"Network activity","domain","dxdeedle.host","",1,1587593336,"","Ursnif,kill-chain:Command and Control","","","","Ursnif Campaign f1.pipen.at","ORGNAME","The DFIR Report",3,"Low",0,"2020-04-22","misp-galaxy:malpedia=""Gozi"",Cobalt Strike,Ursnif,tlp:white,misp-galaxy:mitre-attack-pattern=""Spearphishing Link - T1192"",misp-galaxy:mitre-attack-pattern=""User Execution - T1204"",misp-galaxy:mitre-attack-pattern=""Compile After Delivery - T1500"",misp-galaxy:mitre-attack-pattern=""Mshta - T1170"",misp-galaxy:mitre-attack-pattern=""Modify Registry - T1112"",misp-galaxy:mitre-attack-pattern=""Regsvr32 - T1117"",misp-galaxy:mitre-attack-pattern=""Commonly Used Port - T1043"",misp-galaxy:mitre-attack-pattern=""Standard Application Layer Protocol - T1071""",1592743551
"5ea0c127-7bc4-420e-80a1-4906950d210f",1174,"Network activity","ip-dst","162.244.35.233","VNC module",1,1587593559,"","Ursnif,kill-chain:Command and Control","","","","Ursnif Campaign f1.pipen.at","ORGNAME","The DFIR Report",3,"Low",0,"2020-04-22","misp-galaxy:malpedia=""Gozi"",Cobalt Strike,Ursnif,tlp:white,misp-galaxy:mitre-attack-pattern=""Spearphishing Link - T1192"",misp-galaxy:mitre-attack-pattern=""User Execution - T1204"",misp-galaxy:mitre-attack-pattern=""Compile After Delivery - T1500"",misp-galaxy:mitre-attack-pattern=""Mshta - T1170"",misp-galaxy:mitre-attack-pattern=""Modify Registry - T1112"",misp-galaxy:mitre-attack-pattern=""Regsvr32 - T1117"",misp-galaxy:mitre-attack-pattern=""Commonly Used Port - T1043"",misp-galaxy:mitre-attack-pattern=""Standard Application Layer Protocol - T1071""",1592743551
"5ea0c19a-ea44-47bf-81f6-4afa950d210f",1174,"Network activity","ip-dst","89.39.107.106","TVRAT",1,1587593683,"","kill-chain:Command and Control","","","","Ursnif Campaign f1.pipen.at","ORGNAME","The DFIR Report",3,"Low",0,"2020-04-22","misp-galaxy:malpedia=""Gozi"",Cobalt Strike,Ursnif,tlp:white,misp-galaxy:mitre-attack-pattern=""Spearphishing Link - T1192"",misp-galaxy:mitre-attack-pattern=""User Execution - T1204"",misp-galaxy:mitre-attack-pattern=""Compile After Delivery - T1500"",misp-galaxy:mitre-attack-pattern=""Mshta - T1170"",misp-galaxy:mitre-attack-pattern=""Modify Registry - T1112"",misp-galaxy:mitre-attack-pattern=""Regsvr32 - T1117"",misp-galaxy:mitre-attack-pattern=""Commonly Used Port - T1043"",misp-galaxy:mitre-attack-pattern=""Standard Application Layer Protocol - T1071""",1592743551
"5ea0c214-bba4-482c-87f8-418b950d210f",1174,"Network activity","ip-dst","23.81.246.22","",1,1587593773,"","Cobalt Strike,kill-chain:Command and Control","","","","Ursnif Campaign f1.pipen.at","ORGNAME","The DFIR Report",3,"Low",0,"2020-04-22","misp-galaxy:malpedia=""Gozi"",Cobalt Strike,Ursnif,tlp:white,misp-galaxy:mitre-attack-pattern=""Spearphishing Link - T1192"",misp-galaxy:mitre-attack-pattern=""User Execution - T1204"",misp-galaxy:mitre-attack-pattern=""Compile After Delivery - T1500"",misp-galaxy:mitre-attack-pattern=""Mshta - T1170"",misp-galaxy:mitre-attack-pattern=""Modify Registry - T1112"",misp-galaxy:mitre-attack-pattern=""Regsvr32 - T1117"",misp-galaxy:mitre-attack-pattern=""Commonly Used Port - T1043"",misp-galaxy:mitre-attack-pattern=""Standard Application Layer Protocol - T1071""",1592743551
"5ea0c214-4adc-4fc8-8d3a-423e950d210f",1174,"Network activity","ip-dst","93.190.138.35","",1,1587593774,"","Cobalt Strike,kill-chain:Command and Control","","","","Ursnif Campaign f1.pipen.at","ORGNAME","The DFIR Report",3,"Low",0,"2020-04-22","misp-galaxy:malpedia=""Gozi"",Cobalt Strike,Ursnif,tlp:white,misp-galaxy:mitre-attack-pattern=""Spearphishing Link - T1192"",misp-galaxy:mitre-attack-pattern=""User Execution - T1204"",misp-galaxy:mitre-attack-pattern=""Compile After Delivery - T1500"",misp-galaxy:mitre-attack-pattern=""Mshta - T1170"",misp-galaxy:mitre-attack-pattern=""Modify Registry - T1112"",misp-galaxy:mitre-attack-pattern=""Regsvr32 - T1117"",misp-galaxy:mitre-attack-pattern=""Commonly Used Port - T1043"",misp-galaxy:mitre-attack-pattern=""Standard Application Layer Protocol - T1071""",1592743551
"5ea2e114-0484-477f-a0b2-4e78950d210f",1174,"External analysis","link","https://thedfirreport.com/2020/04/24/ursnif-via-lolbins/","",0,1587732756,"","","","","","Ursnif Campaign f1.pipen.at","ORGNAME","The DFIR Report",3,"Low",0,"2020-04-22","misp-galaxy:malpedia=""Gozi"",Cobalt Strike,Ursnif,tlp:white,misp-galaxy:mitre-attack-pattern=""Spearphishing Link - T1192"",misp-galaxy:mitre-attack-pattern=""User Execution - T1204"",misp-galaxy:mitre-attack-pattern=""Compile After Delivery - T1500"",misp-galaxy:mitre-attack-pattern=""Mshta - T1170"",misp-galaxy:mitre-attack-pattern=""Modify Registry - T1112"",misp-galaxy:mitre-attack-pattern=""Regsvr32 - T1117"",misp-galaxy:mitre-attack-pattern=""Commonly Used Port - T1043"",misp-galaxy:mitre-attack-pattern=""Standard Application Layer Protocol - T1071""",1592743551
"5ea0b101-6dd8-4339-a69f-4be6950d210f",1174,"Payload delivery","malware-sample","open_attach_a1i#793032.zip|8a1ffc3ea2280f34f91df70ef538880b","",1,1587589377,"malware-sample","","5ea0b101-a724-46a5-9060-41b0950d210f","file","file","Ursnif Campaign f1.pipen.at","ORGNAME","The DFIR Report",3,"Low",0,"2020-04-22","misp-galaxy:malpedia=""Gozi"",Cobalt Strike,Ursnif,tlp:white,misp-galaxy:mitre-attack-pattern=""Spearphishing Link - T1192"",misp-galaxy:mitre-attack-pattern=""User Execution - T1204"",misp-galaxy:mitre-attack-pattern=""Compile After Delivery - T1500"",misp-galaxy:mitre-attack-pattern=""Mshta - T1170"",misp-galaxy:mitre-attack-pattern=""Modify Registry - T1112"",misp-galaxy:mitre-attack-pattern=""Regsvr32 - T1117"",misp-galaxy:mitre-attack-pattern=""Commonly Used Port - T1043"",misp-galaxy:mitre-attack-pattern=""Standard Application Layer Protocol - T1071""",1592743551
"5ea0b102-f630-4764-9c85-42fb950d210f",1174,"Payload delivery","filename","open_attach_a1i#793032.zip","",0,1587589378,"filename","","5ea0b101-a724-46a5-9060-41b0950d210f","file","file","Ursnif Campaign f1.pipen.at","ORGNAME","The DFIR Report",3,"Low",0,"2020-04-22","misp-galaxy:malpedia=""Gozi"",Cobalt Strike,Ursnif,tlp:white,misp-galaxy:mitre-attack-pattern=""Spearphishing Link - T1192"",misp-galaxy:mitre-attack-pattern=""User Execution - T1204"",misp-galaxy:mitre-attack-pattern=""Compile After Delivery - T1500"",misp-galaxy:mitre-attack-pattern=""Mshta - T1170"",misp-galaxy:mitre-attack-pattern=""Modify Registry - T1112"",misp-galaxy:mitre-attack-pattern=""Regsvr32 - T1117"",misp-galaxy:mitre-attack-pattern=""Commonly Used Port - T1043"",misp-galaxy:mitre-attack-pattern=""Standard Application Layer Protocol - T1071""",1592743551
"5ea0b102-dc5c-4b3e-83b0-478b950d210f",1174,"Payload delivery","md5","8a1ffc3ea2280f34f91df70ef538880b","",1,1587589378,"md5","","5ea0b101-a724-46a5-9060-41b0950d210f","file","file","Ursnif Campaign f1.pipen.at","ORGNAME","The DFIR Report",3,"Low",0,"2020-04-22","misp-galaxy:malpedia=""Gozi"",Cobalt Strike,Ursnif,tlp:white,misp-galaxy:mitre-attack-pattern=""Spearphishing Link - T1192"",misp-galaxy:mitre-attack-pattern=""User Execution - T1204"",misp-galaxy:mitre-attack-pattern=""Compile After Delivery - T1500"",misp-galaxy:mitre-attack-pattern=""Mshta - T1170"",misp-galaxy:mitre-attack-pattern=""Modify Registry - T1112"",misp-galaxy:mitre-attack-pattern=""Regsvr32 - T1117"",misp-galaxy:mitre-attack-pattern=""Commonly Used Port - T1043"",misp-galaxy:mitre-attack-pattern=""Standard Application Layer Protocol - T1071""",1592743551
"5ea0b102-2024-4764-983d-440f950d210f",1174,"Payload delivery","sha1","a5d8c89c49ae8d02cc1e6c32a223e0c00b3e6bf1","",1,1587589378,"sha1","","5ea0b101-a724-46a5-9060-41b0950d210f","file","file","Ursnif Campaign f1.pipen.at","ORGNAME","The DFIR Report",3,"Low",0,"2020-04-22","misp-galaxy:malpedia=""Gozi"",Cobalt Strike,Ursnif,tlp:white,misp-galaxy:mitre-attack-pattern=""Spearphishing Link - T1192"",misp-galaxy:mitre-attack-pattern=""User Execution - T1204"",misp-galaxy:mitre-attack-pattern=""Compile After Delivery - T1500"",misp-galaxy:mitre-attack-pattern=""Mshta - T1170"",misp-galaxy:mitre-attack-pattern=""Modify Registry - T1112"",misp-galaxy:mitre-attack-pattern=""Regsvr32 - T1117"",misp-galaxy:mitre-attack-pattern=""Commonly Used Port - T1043"",misp-galaxy:mitre-attack-pattern=""Standard Application Layer Protocol - T1071""",1592743551
"5ea0b102-dc5c-4459-9afb-4ec3950d210f",1174,"Payload delivery","sha256","3440bc915d40d1bcab8d5ef946d18fe10419385559689ebf2ba36c9eae61faaf","",1,1587589378,"sha256","","5ea0b101-a724-46a5-9060-41b0950d210f","file","file","Ursnif Campaign f1.pipen.at","ORGNAME","The DFIR Report",3,"Low",0,"2020-04-22","misp-galaxy:malpedia=""Gozi"",Cobalt Strike,Ursnif,tlp:white,misp-galaxy:mitre-attack-pattern=""Spearphishing Link - T1192"",misp-galaxy:mitre-attack-pattern=""User Execution - T1204"",misp-galaxy:mitre-attack-pattern=""Compile After Delivery - T1500"",misp-galaxy:mitre-attack-pattern=""Mshta - T1170"",misp-galaxy:mitre-attack-pattern=""Modify Registry - T1112"",misp-galaxy:mitre-attack-pattern=""Regsvr32 - T1117"",misp-galaxy:mitre-attack-pattern=""Commonly Used Port - T1043"",misp-galaxy:mitre-attack-pattern=""Standard Application Layer Protocol - T1071""",1592743551
"5ea0b102-8ebc-48ce-add2-4e2d950d210f",1174,"Other","size-in-bytes",209791,"",0,1587589378,"size-in-bytes","","5ea0b101-a724-46a5-9060-41b0950d210f","file","file","Ursnif Campaign f1.pipen.at","ORGNAME","The DFIR Report",3,"Low",0,"2020-04-22","misp-galaxy:malpedia=""Gozi"",Cobalt Strike,Ursnif,tlp:white,misp-galaxy:mitre-attack-pattern=""Spearphishing Link - T1192"",misp-galaxy:mitre-attack-pattern=""User Execution - T1204"",misp-galaxy:mitre-attack-pattern=""Compile After Delivery - T1500"",misp-galaxy:mitre-attack-pattern=""Mshta - T1170"",misp-galaxy:mitre-attack-pattern=""Modify Registry - T1112"",misp-galaxy:mitre-attack-pattern=""Regsvr32 - T1117"",misp-galaxy:mitre-attack-pattern=""Commonly Used Port - T1043"",misp-galaxy:mitre-attack-pattern=""Standard Application Layer Protocol - T1071""",1592743551
"5ea0b119-3220-489b-8e6f-4c0f950d210f",1174,"Artifacts dropped","malware-sample","XikFYehxR.txt|d819173a8babdf625c2774bbf17ed710","",1,1587589401,"malware-sample","","5ea0b118-cffc-4507-a726-4372950d210f","file","file","Ursnif Campaign f1.pipen.at","ORGNAME","The DFIR Report",3,"Low",0,"2020-04-22","misp-galaxy:malpedia=""Gozi"",Cobalt Strike,Ursnif,tlp:white,misp-galaxy:mitre-attack-pattern=""Spearphishing Link - T1192"",misp-galaxy:mitre-attack-pattern=""User Execution - T1204"",misp-galaxy:mitre-attack-pattern=""Compile After Delivery - T1500"",misp-galaxy:mitre-attack-pattern=""Mshta - T1170"",misp-galaxy:mitre-attack-pattern=""Modify Registry - T1112"",misp-galaxy:mitre-attack-pattern=""Regsvr32 - T1117"",misp-galaxy:mitre-attack-pattern=""Commonly Used Port - T1043"",misp-galaxy:mitre-attack-pattern=""Standard Application Layer Protocol - T1071""",1592743551
"5ea0b119-0968-4c86-899e-48fa950d210f",1174,"Artifacts dropped","filename","XikFYehxR.txt","",0,1587589401,"filename","","5ea0b118-cffc-4507-a726-4372950d210f","file","file","Ursnif Campaign f1.pipen.at","ORGNAME","The DFIR Report",3,"Low",0,"2020-04-22","misp-galaxy:malpedia=""Gozi"",Cobalt Strike,Ursnif,tlp:white,misp-galaxy:mitre-attack-pattern=""Spearphishing Link - T1192"",misp-galaxy:mitre-attack-pattern=""User Execution - T1204"",misp-galaxy:mitre-attack-pattern=""Compile After Delivery - T1500"",misp-galaxy:mitre-attack-pattern=""Mshta - T1170"",misp-galaxy:mitre-attack-pattern=""Modify Registry - T1112"",misp-galaxy:mitre-attack-pattern=""Regsvr32 - T1117"",misp-galaxy:mitre-attack-pattern=""Commonly Used Port - T1043"",misp-galaxy:mitre-attack-pattern=""Standard Application Layer Protocol - T1071""",1592743551
"5ea0b119-4800-49d6-800f-48f3950d210f",1174,"Artifacts dropped","md5","d819173a8babdf625c2774bbf17ed710","",1,1587589401,"md5","","5ea0b118-cffc-4507-a726-4372950d210f","file","file","Ursnif Campaign f1.pipen.at","ORGNAME","The DFIR Report",3,"Low",0,"2020-04-22","misp-galaxy:malpedia=""Gozi"",Cobalt Strike,Ursnif,tlp:white,misp-galaxy:mitre-attack-pattern=""Spearphishing Link - T1192"",misp-galaxy:mitre-attack-pattern=""User Execution - T1204"",misp-galaxy:mitre-attack-pattern=""Compile After Delivery - T1500"",misp-galaxy:mitre-attack-pattern=""Mshta - T1170"",misp-galaxy:mitre-attack-pattern=""Modify Registry - T1112"",misp-galaxy:mitre-attack-pattern=""Regsvr32 - T1117"",misp-galaxy:mitre-attack-pattern=""Commonly Used Port - T1043"",misp-galaxy:mitre-attack-pattern=""Standard Application Layer Protocol - T1071""",1592743551
"5ea0b119-2e10-49cc-ad22-490b950d210f",1174,"Artifacts dropped","sha1","629e79904edfcbede3e7d4ff9240c8571d8e2291","",1,1587589401,"sha1","","5ea0b118-cffc-4507-a726-4372950d210f","file","file","Ursnif Campaign f1.pipen.at","ORGNAME","The DFIR Report",3,"Low",0,"2020-04-22","misp-galaxy:malpedia=""Gozi"",Cobalt Strike,Ursnif,tlp:white,misp-galaxy:mitre-attack-pattern=""Spearphishing Link - T1192"",misp-galaxy:mitre-attack-pattern=""User Execution - T1204"",misp-galaxy:mitre-attack-pattern=""Compile After Delivery - T1500"",misp-galaxy:mitre-attack-pattern=""Mshta - T1170"",misp-galaxy:mitre-attack-pattern=""Modify Registry - T1112"",misp-galaxy:mitre-attack-pattern=""Regsvr32 - T1117"",misp-galaxy:mitre-attack-pattern=""Commonly Used Port - T1043"",misp-galaxy:mitre-attack-pattern=""Standard Application Layer Protocol - T1071""",1592743551
"5ea0b119-122c-46a1-80a4-4880950d210f",1174,"Artifacts dropped","sha256","588058cd3661c48b372ad870ce3e03af62e61ffd917355895ac8342736704673","",1,1587589401,"sha256","","5ea0b118-cffc-4507-a726-4372950d210f","file","file","Ursnif Campaign f1.pipen.at","ORGNAME","The DFIR Report",3,"Low",0,"2020-04-22","misp-galaxy:malpedia=""Gozi"",Cobalt Strike,Ursnif,tlp:white,misp-galaxy:mitre-attack-pattern=""Spearphishing Link - T1192"",misp-galaxy:mitre-attack-pattern=""User Execution - T1204"",misp-galaxy:mitre-attack-pattern=""Compile After Delivery - T1500"",misp-galaxy:mitre-attack-pattern=""Mshta - T1170"",misp-galaxy:mitre-attack-pattern=""Modify Registry - T1112"",misp-galaxy:mitre-attack-pattern=""Regsvr32 - T1117"",misp-galaxy:mitre-attack-pattern=""Commonly Used Port - T1043"",misp-galaxy:mitre-attack-pattern=""Standard Application Layer Protocol - T1071""",1592743551
"5ea0b119-4638-4a08-abd5-4bcd950d210f",1174,"Other","size-in-bytes",183296,"",0,1587589401,"size-in-bytes","","5ea0b118-cffc-4507-a726-4372950d210f","file","file","Ursnif Campaign f1.pipen.at","ORGNAME","The DFIR Report",3,"Low",0,"2020-04-22","misp-galaxy:malpedia=""Gozi"",Cobalt Strike,Ursnif,tlp:white,misp-galaxy:mitre-attack-pattern=""Spearphishing Link - T1192"",misp-galaxy:mitre-attack-pattern=""User Execution - T1204"",misp-galaxy:mitre-attack-pattern=""Compile After Delivery - T1500"",misp-galaxy:mitre-attack-pattern=""Mshta - T1170"",misp-galaxy:mitre-attack-pattern=""Modify Registry - T1112"",misp-galaxy:mitre-attack-pattern=""Regsvr32 - T1117"",misp-galaxy:mitre-attack-pattern=""Commonly Used Port - T1043"",misp-galaxy:mitre-attack-pattern=""Standard Application Layer Protocol - T1071""",1592743551
"5ea0b13f-7298-4829-a24c-40e1950d210f",1174,"Artifacts dropped","malware-sample","n.dll|334fc19e4c1358d0979c0a74a321278e","",1,1587589439,"malware-sample","","5ea0b13e-4388-4958-95d6-480a950d210f","file","file","Ursnif Campaign f1.pipen.at","ORGNAME","The DFIR Report",3,"Low",0,"2020-04-22","misp-galaxy:malpedia=""Gozi"",Cobalt Strike,Ursnif,tlp:white,misp-galaxy:mitre-attack-pattern=""Spearphishing Link - T1192"",misp-galaxy:mitre-attack-pattern=""User Execution - T1204"",misp-galaxy:mitre-attack-pattern=""Compile After Delivery - T1500"",misp-galaxy:mitre-attack-pattern=""Mshta - T1170"",misp-galaxy:mitre-attack-pattern=""Modify Registry - T1112"",misp-galaxy:mitre-attack-pattern=""Regsvr32 - T1117"",misp-galaxy:mitre-attack-pattern=""Commonly Used Port - T1043"",misp-galaxy:mitre-attack-pattern=""Standard Application Layer Protocol - T1071""",1592743551
"5ea0b13f-517c-49cc-a90f-4948950d210f",1174,"Artifacts dropped","filename","n.dll","",0,1587589439,"filename","","5ea0b13e-4388-4958-95d6-480a950d210f","file","file","Ursnif Campaign f1.pipen.at","ORGNAME","The DFIR Report",3,"Low",0,"2020-04-22","misp-galaxy:malpedia=""Gozi"",Cobalt Strike,Ursnif,tlp:white,misp-galaxy:mitre-attack-pattern=""Spearphishing Link - T1192"",misp-galaxy:mitre-attack-pattern=""User Execution - T1204"",misp-galaxy:mitre-attack-pattern=""Compile After Delivery - T1500"",misp-galaxy:mitre-attack-pattern=""Mshta - T1170"",misp-galaxy:mitre-attack-pattern=""Modify Registry - T1112"",misp-galaxy:mitre-attack-pattern=""Regsvr32 - T1117"",misp-galaxy:mitre-attack-pattern=""Commonly Used Port - T1043"",misp-galaxy:mitre-attack-pattern=""Standard Application Layer Protocol - T1071""",1592743551
"5ea0b13f-12cc-4939-9eac-4372950d210f",1174,"Artifacts dropped","md5","334fc19e4c1358d0979c0a74a321278e","",1,1587589439,"md5","","5ea0b13e-4388-4958-95d6-480a950d210f","file","file","Ursnif Campaign f1.pipen.at","ORGNAME","The DFIR Report",3,"Low",0,"2020-04-22","misp-galaxy:malpedia=""Gozi"",Cobalt Strike,Ursnif,tlp:white,misp-galaxy:mitre-attack-pattern=""Spearphishing Link - T1192"",misp-galaxy:mitre-attack-pattern=""User Execution - T1204"",misp-galaxy:mitre-attack-pattern=""Compile After Delivery - T1500"",misp-galaxy:mitre-attack-pattern=""Mshta - T1170"",misp-galaxy:mitre-attack-pattern=""Modify Registry - T1112"",misp-galaxy:mitre-attack-pattern=""Regsvr32 - T1117"",misp-galaxy:mitre-attack-pattern=""Commonly Used Port - T1043"",misp-galaxy:mitre-attack-pattern=""Standard Application Layer Protocol - T1071""",1592743551
"5ea0b13f-c250-4a26-bd07-4253950d210f",1174,"Artifacts dropped","sha1","aed74cbba6a3da72d16a205b2893865eddc2e936","",1,1587589439,"sha1","","5ea0b13e-4388-4958-95d6-480a950d210f","file","file","Ursnif Campaign f1.pipen.at","ORGNAME","The DFIR Report",3,"Low",0,"2020-04-22","misp-galaxy:malpedia=""Gozi"",Cobalt Strike,Ursnif,tlp:white,misp-galaxy:mitre-attack-pattern=""Spearphishing Link - T1192"",misp-galaxy:mitre-attack-pattern=""User Execution - T1204"",misp-galaxy:mitre-attack-pattern=""Compile After Delivery - T1500"",misp-galaxy:mitre-attack-pattern=""Mshta - T1170"",misp-galaxy:mitre-attack-pattern=""Modify Registry - T1112"",misp-galaxy:mitre-attack-pattern=""Regsvr32 - T1117"",misp-galaxy:mitre-attack-pattern=""Commonly Used Port - T1043"",misp-galaxy:mitre-attack-pattern=""Standard Application Layer Protocol - T1071""",1592743551
"5ea0b13f-ae94-4d56-b7fc-44b9950d210f",1174,"Artifacts dropped","sha256","28b935ba6987b2784a654951d304ff2e86367b064d1a9201215892fe547b0d9a","",1,1587589439,"sha256","","5ea0b13e-4388-4958-95d6-480a950d210f","file","file","Ursnif Campaign f1.pipen.at","ORGNAME","The DFIR Report",3,"Low",0,"2020-04-22","misp-galaxy:malpedia=""Gozi"",Cobalt Strike,Ursnif,tlp:white,misp-galaxy:mitre-attack-pattern=""Spearphishing Link - T1192"",misp-galaxy:mitre-attack-pattern=""User Execution - T1204"",misp-galaxy:mitre-attack-pattern=""Compile After Delivery - T1500"",misp-galaxy:mitre-attack-pattern=""Mshta - T1170"",misp-galaxy:mitre-attack-pattern=""Modify Registry - T1112"",misp-galaxy:mitre-attack-pattern=""Regsvr32 - T1117"",misp-galaxy:mitre-attack-pattern=""Commonly Used Port - T1043"",misp-galaxy:mitre-attack-pattern=""Standard Application Layer Protocol - T1071""",1592743551
"5ea0b13f-e300-4150-8109-4901950d210f",1174,"Other","size-in-bytes",185344,"",0,1587589439,"size-in-bytes","","5ea0b13e-4388-4958-95d6-480a950d210f","file","file","Ursnif Campaign f1.pipen.at","ORGNAME","The DFIR Report",3,"Low",0,"2020-04-22","misp-galaxy:malpedia=""Gozi"",Cobalt Strike,Ursnif,tlp:white,misp-galaxy:mitre-attack-pattern=""Spearphishing Link - T1192"",misp-galaxy:mitre-attack-pattern=""User Execution - T1204"",misp-galaxy:mitre-attack-pattern=""Compile After Delivery - T1500"",misp-galaxy:mitre-attack-pattern=""Mshta - T1170"",misp-galaxy:mitre-attack-pattern=""Modify Registry - T1112"",misp-galaxy:mitre-attack-pattern=""Regsvr32 - T1117"",misp-galaxy:mitre-attack-pattern=""Commonly Used Port - T1043"",misp-galaxy:mitre-attack-pattern=""Standard Application Layer Protocol - T1071""",1592743551
"5ea0b152-c73c-4f6c-a492-41be950d210f",1174,"Artifacts dropped","malware-sample","artc.dll|1d6869199813a9090478312c2ec13ec9","",1,1587589458,"malware-sample","","5ea0b152-5c98-4557-8fc2-435b950d210f","file","file","Ursnif Campaign f1.pipen.at","ORGNAME","The DFIR Report",3,"Low",0,"2020-04-22","misp-galaxy:malpedia=""Gozi"",Cobalt Strike,Ursnif,tlp:white,misp-galaxy:mitre-attack-pattern=""Spearphishing Link - T1192"",misp-galaxy:mitre-attack-pattern=""User Execution - T1204"",misp-galaxy:mitre-attack-pattern=""Compile After Delivery - T1500"",misp-galaxy:mitre-attack-pattern=""Mshta - T1170"",misp-galaxy:mitre-attack-pattern=""Modify Registry - T1112"",misp-galaxy:mitre-attack-pattern=""Regsvr32 - T1117"",misp-galaxy:mitre-attack-pattern=""Commonly Used Port - T1043"",misp-galaxy:mitre-attack-pattern=""Standard Application Layer Protocol - T1071""",1592743551
"5ea0b152-77c8-4247-8dde-4d01950d210f",1174,"Artifacts dropped","filename","artc.dll","",0,1587589458,"filename","","5ea0b152-5c98-4557-8fc2-435b950d210f","file","file","Ursnif Campaign f1.pipen.at","ORGNAME","The DFIR Report",3,"Low",0,"2020-04-22","misp-galaxy:malpedia=""Gozi"",Cobalt Strike,Ursnif,tlp:white,misp-galaxy:mitre-attack-pattern=""Spearphishing Link - T1192"",misp-galaxy:mitre-attack-pattern=""User Execution - T1204"",misp-galaxy:mitre-attack-pattern=""Compile After Delivery - T1500"",misp-galaxy:mitre-attack-pattern=""Mshta - T1170"",misp-galaxy:mitre-attack-pattern=""Modify Registry - T1112"",misp-galaxy:mitre-attack-pattern=""Regsvr32 - T1117"",misp-galaxy:mitre-attack-pattern=""Commonly Used Port - T1043"",misp-galaxy:mitre-attack-pattern=""Standard Application Layer Protocol - T1071""",1592743551
"5ea0b152-36e4-4c1c-91d1-4bf5950d210f",1174,"Artifacts dropped","md5","1d6869199813a9090478312c2ec13ec9","",1,1587589458,"md5","","5ea0b152-5c98-4557-8fc2-435b950d210f","file","file","Ursnif Campaign f1.pipen.at","ORGNAME","The DFIR Report",3,"Low",0,"2020-04-22","misp-galaxy:malpedia=""Gozi"",Cobalt Strike,Ursnif,tlp:white,misp-galaxy:mitre-attack-pattern=""Spearphishing Link - T1192"",misp-galaxy:mitre-attack-pattern=""User Execution - T1204"",misp-galaxy:mitre-attack-pattern=""Compile After Delivery - T1500"",misp-galaxy:mitre-attack-pattern=""Mshta - T1170"",misp-galaxy:mitre-attack-pattern=""Modify Registry - T1112"",misp-galaxy:mitre-attack-pattern=""Regsvr32 - T1117"",misp-galaxy:mitre-attack-pattern=""Commonly Used Port - T1043"",misp-galaxy:mitre-attack-pattern=""Standard Application Layer Protocol - T1071""",1592743551
"5ea0b152-1cf4-467e-b7cd-49b7950d210f",1174,"Artifacts dropped","sha1","011e7948dc760e8c4d5f7a41bb037e9cabc1e262","",1,1587589458,"sha1","","5ea0b152-5c98-4557-8fc2-435b950d210f","file","file","Ursnif Campaign f1.pipen.at","ORGNAME","The DFIR Report",3,"Low",0,"2020-04-22","misp-galaxy:malpedia=""Gozi"",Cobalt Strike,Ursnif,tlp:white,misp-galaxy:mitre-attack-pattern=""Spearphishing Link - T1192"",misp-galaxy:mitre-attack-pattern=""User Execution - T1204"",misp-galaxy:mitre-attack-pattern=""Compile After Delivery - T1500"",misp-galaxy:mitre-attack-pattern=""Mshta - T1170"",misp-galaxy:mitre-attack-pattern=""Modify Registry - T1112"",misp-galaxy:mitre-attack-pattern=""Regsvr32 - T1117"",misp-galaxy:mitre-attack-pattern=""Commonly Used Port - T1043"",misp-galaxy:mitre-attack-pattern=""Standard Application Layer Protocol - T1071""",1592743551
"5ea0b152-365c-4902-a659-4ad3950d210f",1174,"Artifacts dropped","sha256","d2ac48ba8a476cd6166a0c35ebe276d136b1b82e865560b2564f39b5c7f3a3a9","",1,1587589458,"sha256","","5ea0b152-5c98-4557-8fc2-435b950d210f","file","file","Ursnif Campaign f1.pipen.at","ORGNAME","The DFIR Report",3,"Low",0,"2020-04-22","misp-galaxy:malpedia=""Gozi"",Cobalt Strike,Ursnif,tlp:white,misp-galaxy:mitre-attack-pattern=""Spearphishing Link - T1192"",misp-galaxy:mitre-attack-pattern=""User Execution - T1204"",misp-galaxy:mitre-attack-pattern=""Compile After Delivery - T1500"",misp-galaxy:mitre-attack-pattern=""Mshta - T1170"",misp-galaxy:mitre-attack-pattern=""Modify Registry - T1112"",misp-galaxy:mitre-attack-pattern=""Regsvr32 - T1117"",misp-galaxy:mitre-attack-pattern=""Commonly Used Port - T1043"",misp-galaxy:mitre-attack-pattern=""Standard Application Layer Protocol - T1071""",1592743551
"5ea0b153-cdc8-416c-a66b-48c0950d210f",1174,"Other","size-in-bytes",372736,"",0,1587589459,"size-in-bytes","","5ea0b152-5c98-4557-8fc2-435b950d210f","file","file","Ursnif Campaign f1.pipen.at","ORGNAME","The DFIR Report",3,"Low",0,"2020-04-22","misp-galaxy:malpedia=""Gozi"",Cobalt Strike,Ursnif,tlp:white,misp-galaxy:mitre-attack-pattern=""Spearphishing Link - T1192"",misp-galaxy:mitre-attack-pattern=""User Execution - T1204"",misp-galaxy:mitre-attack-pattern=""Compile After Delivery - T1500"",misp-galaxy:mitre-attack-pattern=""Mshta - T1170"",misp-galaxy:mitre-attack-pattern=""Modify Registry - T1112"",misp-galaxy:mitre-attack-pattern=""Regsvr32 - T1117"",misp-galaxy:mitre-attack-pattern=""Commonly Used Port - T1043"",misp-galaxy:mitre-attack-pattern=""Standard Application Layer Protocol - T1071""",1592743551
"5ea0b1cc-4ca8-4a6c-8157-4d15950d210f",1174,"Artifacts dropped","malware-sample","ldr.exe|fc22d0c3f15c763ccf1a5f56f35b795f","",1,1587589580,"malware-sample","","5ea0b1cc-e7e0-4612-bcfc-4c33950d210f","file","file","Ursnif Campaign f1.pipen.at","ORGNAME","The DFIR Report",3,"Low",0,"2020-04-22","misp-galaxy:malpedia=""Gozi"",Cobalt Strike,Ursnif,tlp:white,misp-galaxy:mitre-attack-pattern=""Spearphishing Link - T1192"",misp-galaxy:mitre-attack-pattern=""User Execution - T1204"",misp-galaxy:mitre-attack-pattern=""Compile After Delivery - T1500"",misp-galaxy:mitre-attack-pattern=""Mshta - T1170"",misp-galaxy:mitre-attack-pattern=""Modify Registry - T1112"",misp-galaxy:mitre-attack-pattern=""Regsvr32 - T1117"",misp-galaxy:mitre-attack-pattern=""Commonly Used Port - T1043"",misp-galaxy:mitre-attack-pattern=""Standard Application Layer Protocol - T1071""",1592743551
"5ea0b1cd-4060-4d63-8e21-40d9950d210f",1174,"Artifacts dropped","filename","ldr.exe","",0,1587589581,"filename","","5ea0b1cc-e7e0-4612-bcfc-4c33950d210f","file","file","Ursnif Campaign f1.pipen.at","ORGNAME","The DFIR Report",3,"Low",0,"2020-04-22","misp-galaxy:malpedia=""Gozi"",Cobalt Strike,Ursnif,tlp:white,misp-galaxy:mitre-attack-pattern=""Spearphishing Link - T1192"",misp-galaxy:mitre-attack-pattern=""User Execution - T1204"",misp-galaxy:mitre-attack-pattern=""Compile After Delivery - T1500"",misp-galaxy:mitre-attack-pattern=""Mshta - T1170"",misp-galaxy:mitre-attack-pattern=""Modify Registry - T1112"",misp-galaxy:mitre-attack-pattern=""Regsvr32 - T1117"",misp-galaxy:mitre-attack-pattern=""Commonly Used Port - T1043"",misp-galaxy:mitre-attack-pattern=""Standard Application Layer Protocol - T1071""",1592743551
"5ea0b1cd-30c4-4a48-b528-4f7d950d210f",1174,"Artifacts dropped","md5","fc22d0c3f15c763ccf1a5f56f35b795f","",1,1587589581,"md5","","5ea0b1cc-e7e0-4612-bcfc-4c33950d210f","file","file","Ursnif Campaign f1.pipen.at","ORGNAME","The DFIR Report",3,"Low",0,"2020-04-22","misp-galaxy:malpedia=""Gozi"",Cobalt Strike,Ursnif,tlp:white,misp-galaxy:mitre-attack-pattern=""Spearphishing Link - T1192"",misp-galaxy:mitre-attack-pattern=""User Execution - T1204"",misp-galaxy:mitre-attack-pattern=""Compile After Delivery - T1500"",misp-galaxy:mitre-attack-pattern=""Mshta - T1170"",misp-galaxy:mitre-attack-pattern=""Modify Registry - T1112"",misp-galaxy:mitre-attack-pattern=""Regsvr32 - T1117"",misp-galaxy:mitre-attack-pattern=""Commonly Used Port - T1043"",misp-galaxy:mitre-attack-pattern=""Standard Application Layer Protocol - T1071""",1592743551
"5ea0b1cd-1df8-44e7-9dbd-423d950d210f",1174,"Artifacts dropped","sha1","284afda4ceda3880864bf692f153ab0354ca7359","",1,1587589581,"sha1","","5ea0b1cc-e7e0-4612-bcfc-4c33950d210f","file","file","Ursnif Campaign f1.pipen.at","ORGNAME","The DFIR Report",3,"Low",0,"2020-04-22","misp-galaxy:malpedia=""Gozi"",Cobalt Strike,Ursnif,tlp:white,misp-galaxy:mitre-attack-pattern=""Spearphishing Link - T1192"",misp-galaxy:mitre-attack-pattern=""User Execution - T1204"",misp-galaxy:mitre-attack-pattern=""Compile After Delivery - T1500"",misp-galaxy:mitre-attack-pattern=""Mshta - T1170"",misp-galaxy:mitre-attack-pattern=""Modify Registry - T1112"",misp-galaxy:mitre-attack-pattern=""Regsvr32 - T1117"",misp-galaxy:mitre-attack-pattern=""Commonly Used Port - T1043"",misp-galaxy:mitre-attack-pattern=""Standard Application Layer Protocol - T1071""",1592743551
"5ea0b1cd-9638-4804-bad6-40d9950d210f",1174,"Artifacts dropped","sha256","08f3b51c8493c5ed8948ab35c956a465e0043094248d2f27a5d8fa9a696e3cbf","",1,1587589581,"sha256","","5ea0b1cc-e7e0-4612-bcfc-4c33950d210f","file","file","Ursnif Campaign f1.pipen.at","ORGNAME","The DFIR Report",3,"Low",0,"2020-04-22","misp-galaxy:malpedia=""Gozi"",Cobalt Strike,Ursnif,tlp:white,misp-galaxy:mitre-attack-pattern=""Spearphishing Link - T1192"",misp-galaxy:mitre-attack-pattern=""User Execution - T1204"",misp-galaxy:mitre-attack-pattern=""Compile After Delivery - T1500"",misp-galaxy:mitre-attack-pattern=""Mshta - T1170"",misp-galaxy:mitre-attack-pattern=""Modify Registry - T1112"",misp-galaxy:mitre-attack-pattern=""Regsvr32 - T1117"",misp-galaxy:mitre-attack-pattern=""Commonly Used Port - T1043"",misp-galaxy:mitre-attack-pattern=""Standard Application Layer Protocol - T1071""",1592743551
"5ea0b1cd-0d10-4d2d-923f-41e1950d210f",1174,"Other","size-in-bytes",387072,"",0,1587589581,"size-in-bytes","","5ea0b1cc-e7e0-4612-bcfc-4c33950d210f","file","file","Ursnif Campaign f1.pipen.at","ORGNAME","The DFIR Report",3,"Low",0,"2020-04-22","misp-galaxy:malpedia=""Gozi"",Cobalt Strike,Ursnif,tlp:white,misp-galaxy:mitre-attack-pattern=""Spearphishing Link - T1192"",misp-galaxy:mitre-attack-pattern=""User Execution - T1204"",misp-galaxy:mitre-attack-pattern=""Compile After Delivery - T1500"",misp-galaxy:mitre-attack-pattern=""Mshta - T1170"",misp-galaxy:mitre-attack-pattern=""Modify Registry - T1112"",misp-galaxy:mitre-attack-pattern=""Regsvr32 - T1117"",misp-galaxy:mitre-attack-pattern=""Commonly Used Port - T1043"",misp-galaxy:mitre-attack-pattern=""Standard Application Layer Protocol - T1071""",1592743551
"5ea0b1e6-3764-479d-8bf7-4ba0950d210f",1174,"Artifacts dropped","malware-sample","Authtdvr.ps1|009b53fffb404e7b0dd1479617e967b9","",1,1587589606,"malware-sample","","5ea0b1e5-1dd0-45f4-a7ec-46d6950d210f","file","file","Ursnif Campaign f1.pipen.at","ORGNAME","The DFIR Report",3,"Low",0,"2020-04-22","misp-galaxy:malpedia=""Gozi"",Cobalt Strike,Ursnif,tlp:white,misp-galaxy:mitre-attack-pattern=""Spearphishing Link - T1192"",misp-galaxy:mitre-attack-pattern=""User Execution - T1204"",misp-galaxy:mitre-attack-pattern=""Compile After Delivery - T1500"",misp-galaxy:mitre-attack-pattern=""Mshta - T1170"",misp-galaxy:mitre-attack-pattern=""Modify Registry - T1112"",misp-galaxy:mitre-attack-pattern=""Regsvr32 - T1117"",misp-galaxy:mitre-attack-pattern=""Commonly Used Port - T1043"",misp-galaxy:mitre-attack-pattern=""Standard Application Layer Protocol - T1071""",1592743551
"5ea0b1e6-7ecc-4ef3-9e0f-4e83950d210f",1174,"Artifacts dropped","filename","Authtdvr.ps1","",0,1587589606,"filename","","5ea0b1e5-1dd0-45f4-a7ec-46d6950d210f","file","file","Ursnif Campaign f1.pipen.at","ORGNAME","The DFIR Report",3,"Low",0,"2020-04-22","misp-galaxy:malpedia=""Gozi"",Cobalt Strike,Ursnif,tlp:white,misp-galaxy:mitre-attack-pattern=""Spearphishing Link - T1192"",misp-galaxy:mitre-attack-pattern=""User Execution - T1204"",misp-galaxy:mitre-attack-pattern=""Compile After Delivery - T1500"",misp-galaxy:mitre-attack-pattern=""Mshta - T1170"",misp-galaxy:mitre-attack-pattern=""Modify Registry - T1112"",misp-galaxy:mitre-attack-pattern=""Regsvr32 - T1117"",misp-galaxy:mitre-attack-pattern=""Commonly Used Port - T1043"",misp-galaxy:mitre-attack-pattern=""Standard Application Layer Protocol - T1071""",1592743551
"5ea0b1e6-9140-4a66-bbad-480d950d210f",1174,"Artifacts dropped","md5","009b53fffb404e7b0dd1479617e967b9","",1,1587589606,"md5","","5ea0b1e5-1dd0-45f4-a7ec-46d6950d210f","file","file","Ursnif Campaign f1.pipen.at","ORGNAME","The DFIR Report",3,"Low",0,"2020-04-22","misp-galaxy:malpedia=""Gozi"",Cobalt Strike,Ursnif,tlp:white,misp-galaxy:mitre-attack-pattern=""Spearphishing Link - T1192"",misp-galaxy:mitre-attack-pattern=""User Execution - T1204"",misp-galaxy:mitre-attack-pattern=""Compile After Delivery - T1500"",misp-galaxy:mitre-attack-pattern=""Mshta - T1170"",misp-galaxy:mitre-attack-pattern=""Modify Registry - T1112"",misp-galaxy:mitre-attack-pattern=""Regsvr32 - T1117"",misp-galaxy:mitre-attack-pattern=""Commonly Used Port - T1043"",misp-galaxy:mitre-attack-pattern=""Standard Application Layer Protocol - T1071""",1592743551
"5ea0b1e6-43c0-4c9b-a80c-4e41950d210f",1174,"Artifacts dropped","sha1","742d5399415e96bfe1a2dfd9af3b9e3cb8d8000c","",1,1587589606,"sha1","","5ea0b1e5-1dd0-45f4-a7ec-46d6950d210f","file","file","Ursnif Campaign f1.pipen.at","ORGNAME","The DFIR Report",3,"Low",0,"2020-04-22","misp-galaxy:malpedia=""Gozi"",Cobalt Strike,Ursnif,tlp:white,misp-galaxy:mitre-attack-pattern=""Spearphishing Link - T1192"",misp-galaxy:mitre-attack-pattern=""User Execution - T1204"",misp-galaxy:mitre-attack-pattern=""Compile After Delivery - T1500"",misp-galaxy:mitre-attack-pattern=""Mshta - T1170"",misp-galaxy:mitre-attack-pattern=""Modify Registry - T1112"",misp-galaxy:mitre-attack-pattern=""Regsvr32 - T1117"",misp-galaxy:mitre-attack-pattern=""Commonly Used Port - T1043"",misp-galaxy:mitre-attack-pattern=""Standard Application Layer Protocol - T1071""",1592743551
"5ea0b1e6-dbbc-4b3f-aa96-4efa950d210f",1174,"Artifacts dropped","sha256","915ff83ab8e1a4ad1e9e63ea84bab24e36b88f9264c42085569786079232ff75","",1,1587589606,"sha256","","5ea0b1e5-1dd0-45f4-a7ec-46d6950d210f","file","file","Ursnif Campaign f1.pipen.at","ORGNAME","The DFIR Report",3,"Low",0,"2020-04-22","misp-galaxy:malpedia=""Gozi"",Cobalt Strike,Ursnif,tlp:white,misp-galaxy:mitre-attack-pattern=""Spearphishing Link - T1192"",misp-galaxy:mitre-attack-pattern=""User Execution - T1204"",misp-galaxy:mitre-attack-pattern=""Compile After Delivery - T1500"",misp-galaxy:mitre-attack-pattern=""Mshta - T1170"",misp-galaxy:mitre-attack-pattern=""Modify Registry - T1112"",misp-galaxy:mitre-attack-pattern=""Regsvr32 - T1117"",misp-galaxy:mitre-attack-pattern=""Commonly Used Port - T1043"",misp-galaxy:mitre-attack-pattern=""Standard Application Layer Protocol - T1071""",1592743551
"5ea0b1e6-84cc-4774-9510-4fa3950d210f",1174,"Other","size-in-bytes",145,"",0,1587589606,"size-in-bytes","","5ea0b1e5-1dd0-45f4-a7ec-46d6950d210f","file","file","Ursnif Campaign f1.pipen.at","ORGNAME","The DFIR Report",3,"Low",0,"2020-04-22","misp-galaxy:malpedia=""Gozi"",Cobalt Strike,Ursnif,tlp:white,misp-galaxy:mitre-attack-pattern=""Spearphishing Link - T1192"",misp-galaxy:mitre-attack-pattern=""User Execution - T1204"",misp-galaxy:mitre-attack-pattern=""Compile After Delivery - T1500"",misp-galaxy:mitre-attack-pattern=""Mshta - T1170"",misp-galaxy:mitre-attack-pattern=""Modify Registry - T1112"",misp-galaxy:mitre-attack-pattern=""Regsvr32 - T1117"",misp-galaxy:mitre-attack-pattern=""Commonly Used Port - T1043"",misp-galaxy:mitre-attack-pattern=""Standard Application Layer Protocol - T1071""",1592743551
"5ea0b202-6f00-43e1-afc4-41de950d210f",1174,"Artifacts dropped","malware-sample","peuhop32.exe|897b07feeb22f8de7378740c33052f1c","",1,1587589634,"malware-sample","","5ea0b202-5a8c-4ab3-91da-40d5950d210f","file","file","Ursnif Campaign f1.pipen.at","ORGNAME","The DFIR Report",3,"Low",0,"2020-04-22","misp-galaxy:malpedia=""Gozi"",Cobalt Strike,Ursnif,tlp:white,misp-galaxy:mitre-attack-pattern=""Spearphishing Link - T1192"",misp-galaxy:mitre-attack-pattern=""User Execution - T1204"",misp-galaxy:mitre-attack-pattern=""Compile After Delivery - T1500"",misp-galaxy:mitre-attack-pattern=""Mshta - T1170"",misp-galaxy:mitre-attack-pattern=""Modify Registry - T1112"",misp-galaxy:mitre-attack-pattern=""Regsvr32 - T1117"",misp-galaxy:mitre-attack-pattern=""Commonly Used Port - T1043"",misp-galaxy:mitre-attack-pattern=""Standard Application Layer Protocol - T1071""",1592743551
"5ea0b202-0a84-4ff0-bdea-4bb2950d210f",1174,"Artifacts dropped","filename","peuhop32.exe","",0,1587589634,"filename","","5ea0b202-5a8c-4ab3-91da-40d5950d210f","file","file","Ursnif Campaign f1.pipen.at","ORGNAME","The DFIR Report",3,"Low",0,"2020-04-22","misp-galaxy:malpedia=""Gozi"",Cobalt Strike,Ursnif,tlp:white,misp-galaxy:mitre-attack-pattern=""Spearphishing Link - T1192"",misp-galaxy:mitre-attack-pattern=""User Execution - T1204"",misp-galaxy:mitre-attack-pattern=""Compile After Delivery - T1500"",misp-galaxy:mitre-attack-pattern=""Mshta - T1170"",misp-galaxy:mitre-attack-pattern=""Modify Registry - T1112"",misp-galaxy:mitre-attack-pattern=""Regsvr32 - T1117"",misp-galaxy:mitre-attack-pattern=""Commonly Used Port - T1043"",misp-galaxy:mitre-attack-pattern=""Standard Application Layer Protocol - T1071""",1592743551
"5ea0b202-a0a8-4408-89d1-4826950d210f",1174,"Artifacts dropped","md5","897b07feeb22f8de7378740c33052f1c","",1,1587589634,"md5","","5ea0b202-5a8c-4ab3-91da-40d5950d210f","file","file","Ursnif Campaign f1.pipen.at","ORGNAME","The DFIR Report",3,"Low",0,"2020-04-22","misp-galaxy:malpedia=""Gozi"",Cobalt Strike,Ursnif,tlp:white,misp-galaxy:mitre-attack-pattern=""Spearphishing Link - T1192"",misp-galaxy:mitre-attack-pattern=""User Execution - T1204"",misp-galaxy:mitre-attack-pattern=""Compile After Delivery - T1500"",misp-galaxy:mitre-attack-pattern=""Mshta - T1170"",misp-galaxy:mitre-attack-pattern=""Modify Registry - T1112"",misp-galaxy:mitre-attack-pattern=""Regsvr32 - T1117"",misp-galaxy:mitre-attack-pattern=""Commonly Used Port - T1043"",misp-galaxy:mitre-attack-pattern=""Standard Application Layer Protocol - T1071""",1592743551
"5ea0b202-4f54-4680-b9b0-434b950d210f",1174,"Artifacts dropped","sha1","e75260f9347068d26714f99719b5e65d7316f5e7","",1,1587589634,"sha1","","5ea0b202-5a8c-4ab3-91da-40d5950d210f","file","file","Ursnif Campaign f1.pipen.at","ORGNAME","The DFIR Report",3,"Low",0,"2020-04-22","misp-galaxy:malpedia=""Gozi"",Cobalt Strike,Ursnif,tlp:white,misp-galaxy:mitre-attack-pattern=""Spearphishing Link - T1192"",misp-galaxy:mitre-attack-pattern=""User Execution - T1204"",misp-galaxy:mitre-attack-pattern=""Compile After Delivery - T1500"",misp-galaxy:mitre-attack-pattern=""Mshta - T1170"",misp-galaxy:mitre-attack-pattern=""Modify Registry - T1112"",misp-galaxy:mitre-attack-pattern=""Regsvr32 - T1117"",misp-galaxy:mitre-attack-pattern=""Commonly Used Port - T1043"",misp-galaxy:mitre-attack-pattern=""Standard Application Layer Protocol - T1071""",1592743551
"5ea0b202-5ea0-442a-acab-4520950d210f",1174,"Artifacts dropped","sha256","a59d6490e8bb757d08ae3e0e800cc8b1b3d90b960e10d6ca46166a450111505a","",1,1587589634,"sha256","","5ea0b202-5a8c-4ab3-91da-40d5950d210f","file","file","Ursnif Campaign f1.pipen.at","ORGNAME","The DFIR Report",3,"Low",0,"2020-04-22","misp-galaxy:malpedia=""Gozi"",Cobalt Strike,Ursnif,tlp:white,misp-galaxy:mitre-attack-pattern=""Spearphishing Link - T1192"",misp-galaxy:mitre-attack-pattern=""User Execution - T1204"",misp-galaxy:mitre-attack-pattern=""Compile After Delivery - T1500"",misp-galaxy:mitre-attack-pattern=""Mshta - T1170"",misp-galaxy:mitre-attack-pattern=""Modify Registry - T1112"",misp-galaxy:mitre-attack-pattern=""Regsvr32 - T1117"",misp-galaxy:mitre-attack-pattern=""Commonly Used Port - T1043"",misp-galaxy:mitre-attack-pattern=""Standard Application Layer Protocol - T1071""",1592743551
"5ea0b202-bcb8-4785-a97e-4354950d210f",1174,"Other","size-in-bytes",382464,"",0,1587589634,"size-in-bytes","","5ea0b202-5a8c-4ab3-91da-40d5950d210f","file","file","Ursnif Campaign f1.pipen.at","ORGNAME","The DFIR Report",3,"Low",0,"2020-04-22","misp-galaxy:malpedia=""Gozi"",Cobalt Strike,Ursnif,tlp:white,misp-galaxy:mitre-attack-pattern=""Spearphishing Link - T1192"",misp-galaxy:mitre-attack-pattern=""User Execution - T1204"",misp-galaxy:mitre-attack-pattern=""Compile After Delivery - T1500"",misp-galaxy:mitre-attack-pattern=""Mshta - T1170"",misp-galaxy:mitre-attack-pattern=""Modify Registry - T1112"",misp-galaxy:mitre-attack-pattern=""Regsvr32 - T1117"",misp-galaxy:mitre-attack-pattern=""Commonly Used Port - T1043"",misp-galaxy:mitre-attack-pattern=""Standard Application Layer Protocol - T1071""",1592743551
"5ea0b220-4984-484e-948d-442e950d210f",1174,"Artifacts dropped","malware-sample","nww.dll|334fc19e4c1358d0979c0a74a321278e","",1,1587589664,"malware-sample","","5ea0b220-0a78-43c7-9f35-4e45950d210f","file","file","Ursnif Campaign f1.pipen.at","ORGNAME","The DFIR Report",3,"Low",0,"2020-04-22","misp-galaxy:malpedia=""Gozi"",Cobalt Strike,Ursnif,tlp:white,misp-galaxy:mitre-attack-pattern=""Spearphishing Link - T1192"",misp-galaxy:mitre-attack-pattern=""User Execution - T1204"",misp-galaxy:mitre-attack-pattern=""Compile After Delivery - T1500"",misp-galaxy:mitre-attack-pattern=""Mshta - T1170"",misp-galaxy:mitre-attack-pattern=""Modify Registry - T1112"",misp-galaxy:mitre-attack-pattern=""Regsvr32 - T1117"",misp-galaxy:mitre-attack-pattern=""Commonly Used Port - T1043"",misp-galaxy:mitre-attack-pattern=""Standard Application Layer Protocol - T1071""",1592743551
"5ea0b220-86a0-451b-9962-4a46950d210f",1174,"Artifacts dropped","filename","nww.dll","",0,1587589664,"filename","","5ea0b220-0a78-43c7-9f35-4e45950d210f","file","file","Ursnif Campaign f1.pipen.at","ORGNAME","The DFIR Report",3,"Low",0,"2020-04-22","misp-galaxy:malpedia=""Gozi"",Cobalt Strike,Ursnif,tlp:white,misp-galaxy:mitre-attack-pattern=""Spearphishing Link - T1192"",misp-galaxy:mitre-attack-pattern=""User Execution - T1204"",misp-galaxy:mitre-attack-pattern=""Compile After Delivery - T1500"",misp-galaxy:mitre-attack-pattern=""Mshta - T1170"",misp-galaxy:mitre-attack-pattern=""Modify Registry - T1112"",misp-galaxy:mitre-attack-pattern=""Regsvr32 - T1117"",misp-galaxy:mitre-attack-pattern=""Commonly Used Port - T1043"",misp-galaxy:mitre-attack-pattern=""Standard Application Layer Protocol - T1071""",1592743551
"5ea0b220-57d0-4d58-9c10-4534950d210f",1174,"Artifacts dropped","md5","334fc19e4c1358d0979c0a74a321278e","",1,1587589664,"md5","","5ea0b220-0a78-43c7-9f35-4e45950d210f","file","file","Ursnif Campaign f1.pipen.at","ORGNAME","The DFIR Report",3,"Low",0,"2020-04-22","misp-galaxy:malpedia=""Gozi"",Cobalt Strike,Ursnif,tlp:white,misp-galaxy:mitre-attack-pattern=""Spearphishing Link - T1192"",misp-galaxy:mitre-attack-pattern=""User Execution - T1204"",misp-galaxy:mitre-attack-pattern=""Compile After Delivery - T1500"",misp-galaxy:mitre-attack-pattern=""Mshta - T1170"",misp-galaxy:mitre-attack-pattern=""Modify Registry - T1112"",misp-galaxy:mitre-attack-pattern=""Regsvr32 - T1117"",misp-galaxy:mitre-attack-pattern=""Commonly Used Port - T1043"",misp-galaxy:mitre-attack-pattern=""Standard Application Layer Protocol - T1071""",1592743551
"5ea0b220-81fc-41d5-bca0-426e950d210f",1174,"Artifacts dropped","sha1","aed74cbba6a3da72d16a205b2893865eddc2e936","",1,1587589664,"sha1","","5ea0b220-0a78-43c7-9f35-4e45950d210f","file","file","Ursnif Campaign f1.pipen.at","ORGNAME","The DFIR Report",3,"Low",0,"2020-04-22","misp-galaxy:malpedia=""Gozi"",Cobalt Strike,Ursnif,tlp:white,misp-galaxy:mitre-attack-pattern=""Spearphishing Link - T1192"",misp-galaxy:mitre-attack-pattern=""User Execution - T1204"",misp-galaxy:mitre-attack-pattern=""Compile After Delivery - T1500"",misp-galaxy:mitre-attack-pattern=""Mshta - T1170"",misp-galaxy:mitre-attack-pattern=""Modify Registry - T1112"",misp-galaxy:mitre-attack-pattern=""Regsvr32 - T1117"",misp-galaxy:mitre-attack-pattern=""Commonly Used Port - T1043"",misp-galaxy:mitre-attack-pattern=""Standard Application Layer Protocol - T1071""",1592743551
"5ea0b220-7acc-4dfb-aa68-4399950d210f",1174,"Artifacts dropped","sha256","28b935ba6987b2784a654951d304ff2e86367b064d1a9201215892fe547b0d9a","",1,1587589664,"sha256","","5ea0b220-0a78-43c7-9f35-4e45950d210f","file","file","Ursnif Campaign f1.pipen.at","ORGNAME","The DFIR Report",3,"Low",0,"2020-04-22","misp-galaxy:malpedia=""Gozi"",Cobalt Strike,Ursnif,tlp:white,misp-galaxy:mitre-attack-pattern=""Spearphishing Link - T1192"",misp-galaxy:mitre-attack-pattern=""User Execution - T1204"",misp-galaxy:mitre-attack-pattern=""Compile After Delivery - T1500"",misp-galaxy:mitre-attack-pattern=""Mshta - T1170"",misp-galaxy:mitre-attack-pattern=""Modify Registry - T1112"",misp-galaxy:mitre-attack-pattern=""Regsvr32 - T1117"",misp-galaxy:mitre-attack-pattern=""Commonly Used Port - T1043"",misp-galaxy:mitre-attack-pattern=""Standard Application Layer Protocol - T1071""",1592743551
"5ea0b220-116c-4cb6-a538-4e92950d210f",1174,"Other","size-in-bytes",185344,"",0,1587589664,"size-in-bytes","","5ea0b220-0a78-43c7-9f35-4e45950d210f","file","file","Ursnif Campaign f1.pipen.at","ORGNAME","The DFIR Report",3,"Low",0,"2020-04-22","misp-galaxy:malpedia=""Gozi"",Cobalt Strike,Ursnif,tlp:white,misp-galaxy:mitre-attack-pattern=""Spearphishing Link - T1192"",misp-galaxy:mitre-attack-pattern=""User Execution - T1204"",misp-galaxy:mitre-attack-pattern=""Compile After Delivery - T1500"",misp-galaxy:mitre-attack-pattern=""Mshta - T1170"",misp-galaxy:mitre-attack-pattern=""Modify Registry - T1112"",misp-galaxy:mitre-attack-pattern=""Regsvr32 - T1117"",misp-galaxy:mitre-attack-pattern=""Commonly Used Port - T1043"",misp-galaxy:mitre-attack-pattern=""Standard Application Layer Protocol - T1071""",1592743551
"5ea0b22e-45ac-44a3-85c8-44a8950d210f",1174,"Artifacts dropped","malware-sample","atr.dll|1d6869199813a9090478312c2ec13ec9","",1,1587589678,"malware-sample","","5ea0b22d-41ac-43c4-a3d2-466b950d210f","file","file","Ursnif Campaign f1.pipen.at","ORGNAME","The DFIR Report",3,"Low",0,"2020-04-22","misp-galaxy:malpedia=""Gozi"",Cobalt Strike,Ursnif,tlp:white,misp-galaxy:mitre-attack-pattern=""Spearphishing Link - T1192"",misp-galaxy:mitre-attack-pattern=""User Execution - T1204"",misp-galaxy:mitre-attack-pattern=""Compile After Delivery - T1500"",misp-galaxy:mitre-attack-pattern=""Mshta - T1170"",misp-galaxy:mitre-attack-pattern=""Modify Registry - T1112"",misp-galaxy:mitre-attack-pattern=""Regsvr32 - T1117"",misp-galaxy:mitre-attack-pattern=""Commonly Used Port - T1043"",misp-galaxy:mitre-attack-pattern=""Standard Application Layer Protocol - T1071""",1592743551
"5ea0b22e-8398-42d3-935b-4607950d210f",1174,"Artifacts dropped","filename","atr.dll","",0,1587589678,"filename","","5ea0b22d-41ac-43c4-a3d2-466b950d210f","file","file","Ursnif Campaign f1.pipen.at","ORGNAME","The DFIR Report",3,"Low",0,"2020-04-22","misp-galaxy:malpedia=""Gozi"",Cobalt Strike,Ursnif,tlp:white,misp-galaxy:mitre-attack-pattern=""Spearphishing Link - T1192"",misp-galaxy:mitre-attack-pattern=""User Execution - T1204"",misp-galaxy:mitre-attack-pattern=""Compile After Delivery - T1500"",misp-galaxy:mitre-attack-pattern=""Mshta - T1170"",misp-galaxy:mitre-attack-pattern=""Modify Registry - T1112"",misp-galaxy:mitre-attack-pattern=""Regsvr32 - T1117"",misp-galaxy:mitre-attack-pattern=""Commonly Used Port - T1043"",misp-galaxy:mitre-attack-pattern=""Standard Application Layer Protocol - T1071""",1592743551
"5ea0b22e-4ae8-4a71-ab5f-4eb7950d210f",1174,"Artifacts dropped","md5","1d6869199813a9090478312c2ec13ec9","",1,1587589678,"md5","","5ea0b22d-41ac-43c4-a3d2-466b950d210f","file","file","Ursnif Campaign f1.pipen.at","ORGNAME","The DFIR Report",3,"Low",0,"2020-04-22","misp-galaxy:malpedia=""Gozi"",Cobalt Strike,Ursnif,tlp:white,misp-galaxy:mitre-attack-pattern=""Spearphishing Link - T1192"",misp-galaxy:mitre-attack-pattern=""User Execution - T1204"",misp-galaxy:mitre-attack-pattern=""Compile After Delivery - T1500"",misp-galaxy:mitre-attack-pattern=""Mshta - T1170"",misp-galaxy:mitre-attack-pattern=""Modify Registry - T1112"",misp-galaxy:mitre-attack-pattern=""Regsvr32 - T1117"",misp-galaxy:mitre-attack-pattern=""Commonly Used Port - T1043"",misp-galaxy:mitre-attack-pattern=""Standard Application Layer Protocol - T1071""",1592743551
"5ea0b22e-2048-4acd-bca9-4e8c950d210f",1174,"Artifacts dropped","sha1","011e7948dc760e8c4d5f7a41bb037e9cabc1e262","",1,1587589678,"sha1","","5ea0b22d-41ac-43c4-a3d2-466b950d210f","file","file","Ursnif Campaign f1.pipen.at","ORGNAME","The DFIR Report",3,"Low",0,"2020-04-22","misp-galaxy:malpedia=""Gozi"",Cobalt Strike,Ursnif,tlp:white,misp-galaxy:mitre-attack-pattern=""Spearphishing Link - T1192"",misp-galaxy:mitre-attack-pattern=""User Execution - T1204"",misp-galaxy:mitre-attack-pattern=""Compile After Delivery - T1500"",misp-galaxy:mitre-attack-pattern=""Mshta - T1170"",misp-galaxy:mitre-attack-pattern=""Modify Registry - T1112"",misp-galaxy:mitre-attack-pattern=""Regsvr32 - T1117"",misp-galaxy:mitre-attack-pattern=""Commonly Used Port - T1043"",misp-galaxy:mitre-attack-pattern=""Standard Application Layer Protocol - T1071""",1592743551
"5ea0b22e-0a38-421c-8771-4aa2950d210f",1174,"Artifacts dropped","sha256","d2ac48ba8a476cd6166a0c35ebe276d136b1b82e865560b2564f39b5c7f3a3a9","",1,1587589678,"sha256","","5ea0b22d-41ac-43c4-a3d2-466b950d210f","file","file","Ursnif Campaign f1.pipen.at","ORGNAME","The DFIR Report",3,"Low",0,"2020-04-22","misp-galaxy:malpedia=""Gozi"",Cobalt Strike,Ursnif,tlp:white,misp-galaxy:mitre-attack-pattern=""Spearphishing Link - T1192"",misp-galaxy:mitre-attack-pattern=""User Execution - T1204"",misp-galaxy:mitre-attack-pattern=""Compile After Delivery - T1500"",misp-galaxy:mitre-attack-pattern=""Mshta - T1170"",misp-galaxy:mitre-attack-pattern=""Modify Registry - T1112"",misp-galaxy:mitre-attack-pattern=""Regsvr32 - T1117"",misp-galaxy:mitre-attack-pattern=""Commonly Used Port - T1043"",misp-galaxy:mitre-attack-pattern=""Standard Application Layer Protocol - T1071""",1592743551
"5ea0b22e-be24-4747-b85a-4437950d210f",1174,"Other","size-in-bytes",372736,"",0,1587589678,"size-in-bytes","","5ea0b22d-41ac-43c4-a3d2-466b950d210f","file","file","Ursnif Campaign f1.pipen.at","ORGNAME","The DFIR Report",3,"Low",0,"2020-04-22","misp-galaxy:malpedia=""Gozi"",Cobalt Strike,Ursnif,tlp:white,misp-galaxy:mitre-attack-pattern=""Spearphishing Link - T1192"",misp-galaxy:mitre-attack-pattern=""User Execution - T1204"",misp-galaxy:mitre-attack-pattern=""Compile After Delivery - T1500"",misp-galaxy:mitre-attack-pattern=""Mshta - T1170"",misp-galaxy:mitre-attack-pattern=""Modify Registry - T1112"",misp-galaxy:mitre-attack-pattern=""Regsvr32 - T1117"",misp-galaxy:mitre-attack-pattern=""Commonly Used Port - T1043"",misp-galaxy:mitre-attack-pattern=""Standard Application Layer Protocol - T1071""",1592743551
"5ea0b260-c5f8-479d-bcd3-4d99950d210f",1174,"Artifacts dropped","malware-sample","QaBJCQJnsODD.txt|d819173a8babdf625c2774bbf17ed710","",1,1587589728,"malware-sample","","5ea0b23e-7268-4c60-8e21-484a950d210f","file","file","Ursnif Campaign f1.pipen.at","ORGNAME","The DFIR Report",3,"Low",0,"2020-04-22","misp-galaxy:malpedia=""Gozi"",Cobalt Strike,Ursnif,tlp:white,misp-galaxy:mitre-attack-pattern=""Spearphishing Link - T1192"",misp-galaxy:mitre-attack-pattern=""User Execution - T1204"",misp-galaxy:mitre-attack-pattern=""Compile After Delivery - T1500"",misp-galaxy:mitre-attack-pattern=""Mshta - T1170"",misp-galaxy:mitre-attack-pattern=""Modify Registry - T1112"",misp-galaxy:mitre-attack-pattern=""Regsvr32 - T1117"",misp-galaxy:mitre-attack-pattern=""Commonly Used Port - T1043"",misp-galaxy:mitre-attack-pattern=""Standard Application Layer Protocol - T1071""",1592743551
"5ea0b261-5c6c-4f9a-8dd5-44d1950d210f",1174,"Artifacts dropped","filename","QaBJCQJnsODD.txt","",0,1587589729,"filename","","5ea0b23e-7268-4c60-8e21-484a950d210f","file","file","Ursnif Campaign f1.pipen.at","ORGNAME","The DFIR Report",3,"Low",0,"2020-04-22","misp-galaxy:malpedia=""Gozi"",Cobalt Strike,Ursnif,tlp:white,misp-galaxy:mitre-attack-pattern=""Spearphishing Link - T1192"",misp-galaxy:mitre-attack-pattern=""User Execution - T1204"",misp-galaxy:mitre-attack-pattern=""Compile After Delivery - T1500"",misp-galaxy:mitre-attack-pattern=""Mshta - T1170"",misp-galaxy:mitre-attack-pattern=""Modify Registry - T1112"",misp-galaxy:mitre-attack-pattern=""Regsvr32 - T1117"",misp-galaxy:mitre-attack-pattern=""Commonly Used Port - T1043"",misp-galaxy:mitre-attack-pattern=""Standard Application Layer Protocol - T1071""",1592743551
"5ea0b261-d208-4cf9-a51f-413a950d210f",1174,"Artifacts dropped","md5","d819173a8babdf625c2774bbf17ed710","",1,1587589729,"md5","","5ea0b23e-7268-4c60-8e21-484a950d210f","file","file","Ursnif Campaign f1.pipen.at","ORGNAME","The DFIR Report",3,"Low",0,"2020-04-22","misp-galaxy:malpedia=""Gozi"",Cobalt Strike,Ursnif,tlp:white,misp-galaxy:mitre-attack-pattern=""Spearphishing Link - T1192"",misp-galaxy:mitre-attack-pattern=""User Execution - T1204"",misp-galaxy:mitre-attack-pattern=""Compile After Delivery - T1500"",misp-galaxy:mitre-attack-pattern=""Mshta - T1170"",misp-galaxy:mitre-attack-pattern=""Modify Registry - T1112"",misp-galaxy:mitre-attack-pattern=""Regsvr32 - T1117"",misp-galaxy:mitre-attack-pattern=""Commonly Used Port - T1043"",misp-galaxy:mitre-attack-pattern=""Standard Application Layer Protocol - T1071""",1592743551
"5ea0b261-e4ac-48e2-8d91-400b950d210f",1174,"Artifacts dropped","sha1","629e79904edfcbede3e7d4ff9240c8571d8e2291","",1,1587589729,"sha1","","5ea0b23e-7268-4c60-8e21-484a950d210f","file","file","Ursnif Campaign f1.pipen.at","ORGNAME","The DFIR Report",3,"Low",0,"2020-04-22","misp-galaxy:malpedia=""Gozi"",Cobalt Strike,Ursnif,tlp:white,misp-galaxy:mitre-attack-pattern=""Spearphishing Link - T1192"",misp-galaxy:mitre-attack-pattern=""User Execution - T1204"",misp-galaxy:mitre-attack-pattern=""Compile After Delivery - T1500"",misp-galaxy:mitre-attack-pattern=""Mshta - T1170"",misp-galaxy:mitre-attack-pattern=""Modify Registry - T1112"",misp-galaxy:mitre-attack-pattern=""Regsvr32 - T1117"",misp-galaxy:mitre-attack-pattern=""Commonly Used Port - T1043"",misp-galaxy:mitre-attack-pattern=""Standard Application Layer Protocol - T1071""",1592743551
"5ea0b261-e200-4a2c-b8cf-4743950d210f",1174,"Artifacts dropped","sha256","588058cd3661c48b372ad870ce3e03af62e61ffd917355895ac8342736704673","",1,1587589729,"sha256","","5ea0b23e-7268-4c60-8e21-484a950d210f","file","file","Ursnif Campaign f1.pipen.at","ORGNAME","The DFIR Report",3,"Low",0,"2020-04-22","misp-galaxy:malpedia=""Gozi"",Cobalt Strike,Ursnif,tlp:white,misp-galaxy:mitre-attack-pattern=""Spearphishing Link - T1192"",misp-galaxy:mitre-attack-pattern=""User Execution - T1204"",misp-galaxy:mitre-attack-pattern=""Compile After Delivery - T1500"",misp-galaxy:mitre-attack-pattern=""Mshta - T1170"",misp-galaxy:mitre-attack-pattern=""Modify Registry - T1112"",misp-galaxy:mitre-attack-pattern=""Regsvr32 - T1117"",misp-galaxy:mitre-attack-pattern=""Commonly Used Port - T1043"",misp-galaxy:mitre-attack-pattern=""Standard Application Layer Protocol - T1071""",1592743551
"5ea0b261-33fc-4e68-ba47-46f2950d210f",1174,"Other","size-in-bytes",183296,"",0,1587589729,"size-in-bytes","","5ea0b23e-7268-4c60-8e21-484a950d210f","file","file","Ursnif Campaign f1.pipen.at","ORGNAME","The DFIR Report",3,"Low",0,"2020-04-22","misp-galaxy:malpedia=""Gozi"",Cobalt Strike,Ursnif,tlp:white,misp-galaxy:mitre-attack-pattern=""Spearphishing Link - T1192"",misp-galaxy:mitre-attack-pattern=""User Execution - T1204"",misp-galaxy:mitre-attack-pattern=""Compile After Delivery - T1500"",misp-galaxy:mitre-attack-pattern=""Mshta - T1170"",misp-galaxy:mitre-attack-pattern=""Modify Registry - T1112"",misp-galaxy:mitre-attack-pattern=""Regsvr32 - T1117"",misp-galaxy:mitre-attack-pattern=""Commonly Used Port - T1043"",misp-galaxy:mitre-attack-pattern=""Standard Application Layer Protocol - T1071""",1592743551
"5ea0bec2-431c-4b6d-8dbc-41ed950d210f",1174,"Artifacts dropped","malware-sample","CHxRrver|48e81fc9a95c810651d1b5a45fc135d5","",1,1587592898,"malware-sample","","5ea0bec1-9598-455b-b114-49c4950d210f","file","file","Ursnif Campaign f1.pipen.at","ORGNAME","The DFIR Report",3,"Low",0,"2020-04-22","misp-galaxy:malpedia=""Gozi"",Cobalt Strike,Ursnif,tlp:white,misp-galaxy:mitre-attack-pattern=""Spearphishing Link - T1192"",misp-galaxy:mitre-attack-pattern=""User Execution - T1204"",misp-galaxy:mitre-attack-pattern=""Compile After Delivery - T1500"",misp-galaxy:mitre-attack-pattern=""Mshta - T1170"",misp-galaxy:mitre-attack-pattern=""Modify Registry - T1112"",misp-galaxy:mitre-attack-pattern=""Regsvr32 - T1117"",misp-galaxy:mitre-attack-pattern=""Commonly Used Port - T1043"",misp-galaxy:mitre-attack-pattern=""Standard Application Layer Protocol - T1071""",1592743551
"5ea0bec2-28e0-4d0e-895c-4bc9950d210f",1174,"Artifacts dropped","filename","CHxRrver","",0,1587592898,"filename","","5ea0bec1-9598-455b-b114-49c4950d210f","file","file","Ursnif Campaign f1.pipen.at","ORGNAME","The DFIR Report",3,"Low",0,"2020-04-22","misp-galaxy:malpedia=""Gozi"",Cobalt Strike,Ursnif,tlp:white,misp-galaxy:mitre-attack-pattern=""Spearphishing Link - T1192"",misp-galaxy:mitre-attack-pattern=""User Execution - T1204"",misp-galaxy:mitre-attack-pattern=""Compile After Delivery - T1500"",misp-galaxy:mitre-attack-pattern=""Mshta - T1170"",misp-galaxy:mitre-attack-pattern=""Modify Registry - T1112"",misp-galaxy:mitre-attack-pattern=""Regsvr32 - T1117"",misp-galaxy:mitre-attack-pattern=""Commonly Used Port - T1043"",misp-galaxy:mitre-attack-pattern=""Standard Application Layer Protocol - T1071""",1592743551
"5ea0bec2-f8e4-4c57-82c9-4ffd950d210f",1174,"Artifacts dropped","md5","48e81fc9a95c810651d1b5a45fc135d5","",1,1587592898,"md5","","5ea0bec1-9598-455b-b114-49c4950d210f","file","file","Ursnif Campaign f1.pipen.at","ORGNAME","The DFIR Report",3,"Low",0,"2020-04-22","misp-galaxy:malpedia=""Gozi"",Cobalt Strike,Ursnif,tlp:white,misp-galaxy:mitre-attack-pattern=""Spearphishing Link - T1192"",misp-galaxy:mitre-attack-pattern=""User Execution - T1204"",misp-galaxy:mitre-attack-pattern=""Compile After Delivery - T1500"",misp-galaxy:mitre-attack-pattern=""Mshta - T1170"",misp-galaxy:mitre-attack-pattern=""Modify Registry - T1112"",misp-galaxy:mitre-attack-pattern=""Regsvr32 - T1117"",misp-galaxy:mitre-attack-pattern=""Commonly Used Port - T1043"",misp-galaxy:mitre-attack-pattern=""Standard Application Layer Protocol - T1071""",1592743551
"5ea0bec2-349c-4c3d-a28c-4498950d210f",1174,"Artifacts dropped","sha1","982ff97a4325f1707815e6ccb6962decd2df75be","",1,1587592898,"sha1","","5ea0bec1-9598-455b-b114-49c4950d210f","file","file","Ursnif Campaign f1.pipen.at","ORGNAME","The DFIR Report",3,"Low",0,"2020-04-22","misp-galaxy:malpedia=""Gozi"",Cobalt Strike,Ursnif,tlp:white,misp-galaxy:mitre-attack-pattern=""Spearphishing Link - T1192"",misp-galaxy:mitre-attack-pattern=""User Execution - T1204"",misp-galaxy:mitre-attack-pattern=""Compile After Delivery - T1500"",misp-galaxy:mitre-attack-pattern=""Mshta - T1170"",misp-galaxy:mitre-attack-pattern=""Modify Registry - T1112"",misp-galaxy:mitre-attack-pattern=""Regsvr32 - T1117"",misp-galaxy:mitre-attack-pattern=""Commonly Used Port - T1043"",misp-galaxy:mitre-attack-pattern=""Standard Application Layer Protocol - T1071""",1592743551
"5ea0bec2-b804-4653-a63a-4e27950d210f",1174,"Artifacts dropped","sha256","926f8cab4714fda8068d877c2daa79c2b8ea3a91cdc146bd3926f8dff8a20b59","",1,1587592898,"sha256","","5ea0bec1-9598-455b-b114-49c4950d210f","file","file","Ursnif Campaign f1.pipen.at","ORGNAME","The DFIR Report",3,"Low",0,"2020-04-22","misp-galaxy:malpedia=""Gozi"",Cobalt Strike,Ursnif,tlp:white,misp-galaxy:mitre-attack-pattern=""Spearphishing Link - T1192"",misp-galaxy:mitre-attack-pattern=""User Execution - T1204"",misp-galaxy:mitre-attack-pattern=""Compile After Delivery - T1500"",misp-galaxy:mitre-attack-pattern=""Mshta - T1170"",misp-galaxy:mitre-attack-pattern=""Modify Registry - T1112"",misp-galaxy:mitre-attack-pattern=""Regsvr32 - T1117"",misp-galaxy:mitre-attack-pattern=""Commonly Used Port - T1043"",misp-galaxy:mitre-attack-pattern=""Standard Application Layer Protocol - T1071""",1592743551
"5ea0bec2-3ff0-446a-85cb-4d57950d210f",1174,"Other","size-in-bytes",827586,"",0,1587592898,"size-in-bytes","","5ea0bec1-9598-455b-b114-49c4950d210f","file","file","Ursnif Campaign f1.pipen.at","ORGNAME","The DFIR Report",3,"Low",0,"2020-04-22","misp-galaxy:malpedia=""Gozi"",Cobalt Strike,Ursnif,tlp:white,misp-galaxy:mitre-attack-pattern=""Spearphishing Link - T1192"",misp-galaxy:mitre-attack-pattern=""User Execution - T1204"",misp-galaxy:mitre-attack-pattern=""Compile After Delivery - T1500"",misp-galaxy:mitre-attack-pattern=""Mshta - T1170"",misp-galaxy:mitre-attack-pattern=""Modify Registry - T1112"",misp-galaxy:mitre-attack-pattern=""Regsvr32 - T1117"",misp-galaxy:mitre-attack-pattern=""Commonly Used Port - T1043"",misp-galaxy:mitre-attack-pattern=""Standard Application Layer Protocol - T1071""",1592743551

